Type,Name,Request Count,Failure Count,Median Response Time,Average Response Time,Min Response Time,Max Response Time,Average Content Size,Requests/s,Failures/s,50%,66%,75%,80%,90%,95%,98%,99%,99.9%,99.99%,100%
POST,/predict,426,0,16,17.483327275498972,7.159000000683591,54.63004202465527,224.0,15.757874324714406,0.0,16,19,21,23,31,35,39,45,55,55,55
,Aggregated,426,0,16,17.483327275498972,7.159000000683591,54.63004202465527,224.0,15.757874324714406,0.0,16,19,21,23,31,35,39,45,55,55,55
